{"restPoint":{"x":0,"y":0,"z":-130},"servo1":{"minimumAngle":20.447287034628303,"maximumAngle":20.447287034628303},"servo2":{"minimumAngle":16.447287034628303,"maximumAngle":16.447287034628303},"servo3":{"minimumAngle":16.447287034628303,"maximumAngle":16.447287034628303}}